sharks,,
Blacknose shark,,
Blacktip reef shark,,
Blacktip reef shark,,
Blacktip Shark,,
Blacktip Shark,,
Blue shark,,
Blue shark,,
Brown Shyshark,,
Brown Shyshark,,
Bull Shark,,
Bull Shark,,
Caribbean Reef Shark,,
Caribbean Reef Shark,,
Bronze whaler shark,,
Bronze whaler shark,,
Dusky shark,,
Dusky shark,,
Galapagos shark,,
Galapagos shark,,
Great hammerhead shark,,
Great hammerhead shark,,
Grey reef shark,,
Grey reef shark,,
Lemon shark,,
Lemon shark,,
Leopard shark,,
Leopard shark,,
Oceanic whitetip shark,,
Oceanic whitetip shark,,
Pacific sharpnose shark,,
Pacific sharpnose shark,,
Pyjama shark,,
Pyjama shark,,
Sand tiger shark,,
Sand tiger shark,,
Scalloped hammerhead shark,,
Scalloped hammerhead shark,,
Sharptooth lemon shark,,
Sharptooth lemon shark,,
Silky shark,,
Silky shark,,
Silvertip shark,,
Silvertip shark,,
Smooth hammerhead,,
Smooth hammerhead,,
Smoothhound,,
Smoothhound,,
Spinner shark,,
Spinner shark,,
Tiger shark,,
Tiger shark,,
Horn shark,,
Horn shark,,
Bluntnose sixgill shark,,
Bluntnose sixgill shark,,
Broadnose sevengill shark,,
Broadnose sevengill shark,,
Frilled shark,,
Frilled shark,,
Sharpnose sevengill shark,,
Sharpnose sevengill shark,,
Basking shark,,
Basking shark,,
Bigeye thresher shark,,
Bigeye thresher shark,,
Crocodile shark,,
Crocodile shark,,
Goblin shark,,
Goblin shark,,
Longfin mako shark,,
Longfin mako shark,,
Megamouth shark,,
Megamouth shark,,
Porbeagle shark,,
Porbeagle shark,,
Salmon shark,,
Salmon shark,,
Shortfin mako shark,,
Shortfin mako shark,,
White shark,,
White shark,,
Bluegrey Carpet Shark,,
Bluegrey Carpet Shark,,
Epaulette shark,,
Epaulette shark,,
Nurse shark,,
Nurse shark,,
Spotted wobbegong,,
Spotted wobbegong,,
Tawny nurse shark,,
Tawny nurse shark,,
Whale shark,,
Whale shark,,
Whitespotted bamboo shark,,
Whitespotted bamboo shark,,
Zebra shark,,
Zebra shark,,
Bahamas sawshark,,
Bahamas sawshark,,
Bramble shark,,
Bramble shark,,
Cookiecutter shark,,
Cookiecutter shark,,
Great Lanternshark,,
Great Lanternshark,,
Greenland shark,,
Greenland shark,,
Gulper shark,,
Gulper shark,,
Kitefin shark,,
Kitefin shark,,
Pacific sleeper shark,,
Pacific sleeper shark,,
Pygmy shark,,
Pygmy shark,,
Spiny dogfish,,
Spiny dogfish,,
Angel shark,,
